Site,site_lat,site_long
PHMR,16.18986983,-88.57277778
SCMR,16.11666983,-88.26138889
